<?xml version="1.0" encoding="UTF-8"?>
<project-private xmlns="http://www.netbeans.org/ns/project-private/1">
    <editor-bookmarks xmlns="http://www.netbeans.org/ns/editor-bookmarks/2" lastBookmarkId="0"/>
    <open-files xmlns="http://www.netbeans.org/ns/projectui-open-files/2">
        <group>
            <file>file:/D:/Ritesh%20Tiwari/JSP/Taxi_Booking/web/Customer.jsp</file>
            <file>file:/D:/Ritesh%20Tiwari/JSP/Taxi_Booking/web/Booking.jsp</file>
            <file>file:/D:/Ritesh%20Tiwari/JSP/Taxi_Booking/web/User.jsp</file>
            <file>file:/D:/Ritesh%20Tiwari/JSP/Taxi_Booking/web/Driver.jsp</file>
            <file>file:/D:/Ritesh%20Tiwari/JSP/Taxi_Booking/web/Home_Page.jsp</file>
            <file>file:/D:/Ritesh%20Tiwari/JSP/Taxi_Booking/web/forgot.jsp</file>
            <file>file:/D:/Ritesh%20Tiwari/JSP/Taxi_Booking/web/SingUp.jsp</file>
            <file>file:/D:/Ritesh%20Tiwari/JSP/Taxi_Booking/web/Login_Page.jsp</file>
        </group>
    </open-files>
</project-private>
